<?xml version="1.0" encoding="UTF-8"?>
<beans xmlns="http://www.springframework.org/schema/beans"
	xmlns:xsi="http://www.w3.org/2001/XMLSchema-instance"
	xsi:schemaLocation="http://www.springframework.org/schema/beans http://www.springframework.org/schema/beans/spring-beans.xsd">


 <bean name="customerRepository" class="com.cg.tms.repository.CustomerRepositoryImpl"></bean>
<bean name="customerService" class="com.cg.tms.customerservice.CustomerServiceImpl"  >
 <constructor-arg  ref="customerRepository"></constructor-arg>


</bean> 
 <!-- <bean id = "customer" class = "com.cg.tms.spring_sample.Customer">
      <property name = "firstName" value = "Zara" />
 <property name = "lasttName"  value = "joseph"/>
     
   </bean> -->



</beans>
